#{"t_start": 1742876134.3885336, "env_id": "None"}
r,8.67110.630319,1000,34.42.50392.221471,1000,67.862.584639,1000,101.627322
2.2551.91267,1000,135.21552.112.2.174782,1000,169.651.5921.816721,1000,203.2631.6711.68688,1000,237.32751.922.09053,1000,270.927871.911.1.621082,1000,305.591.737017,1000,338.979861
1.61.753303,1000,372.814941.1.779841,1000,406.6672141.1.51.705143,1000,441.3211.6021.476652,1000,475.1991.4641.559622,1000,509.111.64311.56254,1000,542.92111.6011.485462,1000,576.661.334058,1000,609.907412
11.5541.375288,1000,644.441.31.21.667787,1000,678.121.4521.401522,1000,712.0511.4151.148056,1000,746.0011.3451.326767,1000,779.8511.41.254569,1000,813.158811.11.027904,1000,846.894401.4511.077156,1000,881.4611.21.193432,1000,915.53551.211.215963,1000,949.66181.317461,1000,983.282358
1.0.840.742975,1000,1017.911.0.946945,1000,1051.549391.475501.131634,1000,1086.21.3601.1.219192,1000,1120.1.21.1931.133944,1000,1154.1.462079,1000,1187.507357
1.0301.11.221176,1000,1222.1.448154,1000,1255.795977
1.1583740.875198,1000,1290.1.1.03230.942209,1000,1324100.753263,1000,1358.41829801.00014,1000,1392.398912
1.0.863190.746518,1000,14271.1.099933,1000,1460.8471890.908568,1000,1495.03054311.251.093611,1000,1529.66110.981.1181.008423,1000,15601.423288,1000,1596.89406
1.61725,1000,1630.913073
1.204198,11.069809,1000,1660.960.0.680.714526,1000,11.1.25950.971.011953,1000,10.1.50421.371.239322,1000,11.337967,1000,1780.656502
08
01.025241,1000,1789.133784
